{"cameraMode":{"drawMode":0,"name":"Shaded","section":"Shading Mode"},"sceneLighting":true,"audioPlay":false,"sceneViewState":{"m_AlwaysRefresh":false,"showFog":true,"showSkybox":true,"showFlares":true,"showImageEffects":true,"showParticleSystems":true,"showVisualEffectGraphs":true,"m_FxEnabled":true},"in2DMode":false,"pivot":{"x":1.1555910110473633,"y":9.724440574645996,"z":0.6733226776123047},"rotation":{"x":0.027042511850595475,"y":-0.28191304206848147,"z":-0.0079493448138237,"w":-0.9590266942977905},"size":11.850956916809082,"orthographic":false}