{"cameraMode":{"drawMode":0,"name":"Shaded","section":"Shading Mode"},"sceneLighting":true,"audioPlay":false,"sceneViewState":{"m_AlwaysRefresh":false,"showFog":true,"showSkybox":true,"showFlares":true,"showImageEffects":true,"showParticleSystems":true,"showVisualEffectGraphs":true,"m_FxEnabled":true},"in2DMode":false,"pivot":{"x":20.19349479675293,"y":27.353178024291993,"z":26.980058670043947},"rotation":{"x":0.12631380558013917,"y":-0.7356796860694885,"z":0.14305663108825684,"w":0.6499730348587036},"size":0.283502459526062,"orthographic":false}